condition,vs,metric,primary,n,n_clusters,diff,ci,bootstrap_p,ci_cluster,cluster_p,only_condition_correct,only_baseline_correct,mcnemar_p,holm_p
B1,Full,label_correct,False,86,11,-0.2791,"[-0.3721, -0.186]",0.0,"[-0.425, -0.1348]",0.0,0,24,0.0,
B1,Full,root_cause_correct,False,86,11,-0.2209,"[-0.3256, -0.1163]",0.0,"[-0.3876, -0.0562]",0.008,4,23,0.0003,
B1,Full,cited_recall,False,82,10,-0.1088,"[-0.1602, -0.0592]",0.0,"[-0.1918, -0.0295]",0.006,,,,
B1,Full,rubric,False,86,11,-0.3663,"[-0.3924, -0.3401]",0.0,"[-0.4176, -0.3214]",0.0,,,,
B2,Full,label_correct,False,86,11,-0.9186,"[-0.9884, -0.8372]",0.0,"[-1.0, -0.7499]",0.0,2,81,0.0,
B2,Full,root_cause_correct,True,86,11,-0.8488,"[-0.9302, -0.7558]",0.0,"[-0.9773, -0.6571]",0.0,2,75,0.0,0.0
B2,Full,cited_recall,False,82,10,-0.3716,"[-0.4013, -0.3433]",0.0,"[-0.4296, -0.3187]",0.0,,,,
B2,Full,rubric,False,86,11,-0.718,"[-0.7442, -0.686]",0.0,"[-0.75, -0.6486]",0.0,,,,
B3,Full,label_correct,False,86,11,-0.7791,"[-0.8721, -0.6744]",0.0,"[-0.9765, -0.5211]",0.0,2,69,0.0,
B3,Full,root_cause_correct,True,86,11,-0.7209,"[-0.8256, -0.6047]",0.0,"[-0.9419, -0.4315]",0.0,4,66,0.0,0.0
B3,Full,cited_recall,False,82,10,-0.3627,"[-0.3939, -0.3317]",0.0,"[-0.4246, -0.3047]",0.0,,,,
B3,Full,rubric,False,86,11,-0.2035,"[-0.2238, -0.1802]",0.0,"[-0.2406, -0.1505]",0.0,,,,
B4,Full,label_correct,False,86,11,-0.0349,"[-0.0814, 0.0]",0.074,"[-0.0714, 0.0]",0.064,0,3,0.25,
B4,Full,root_cause_correct,True,86,11,-0.1163,"[-0.186, -0.0465]",0.0,"[-0.2143, -0.0333]",0.002,0,10,0.002,0.008
B4,Full,cited_recall,False,82,10,-0.072,"[-0.0982, -0.0466]",0.0,"[-0.1024, -0.0419]",0.0,,,,
B4,Full,rubric,False,86,11,-0.0116,"[-0.0233, -0.0029]",0.029,"[-0.0211, -0.0028]",0.013,,,,
A1,Full,label_correct,False,86,11,0.0,"[0.0, 0.0]",1.0,"[0.0, 0.0]",1.0,0,0,1.0,
A1,Full,root_cause_correct,True,86,11,0.0,"[0.0, 0.0]",1.0,"[0.0, 0.0]",1.0,0,0,1.0,1.0
A1,Full,cited_recall,False,82,10,0.0,"[0.0, 0.0]",1.0,"[0.0, 0.0]",1.0,,,,
A1,Full,rubric,False,86,11,0.0,"[0.0, 0.0]",1.0,"[0.0, 0.0]",1.0,,,,
A2,Full,label_correct,False,86,11,-0.0349,"[-0.0814, 0.0]",0.074,"[-0.0714, 0.0]",0.064,0,3,0.25,
A2,Full,root_cause_correct,True,86,11,-0.1163,"[-0.186, -0.0465]",0.0,"[-0.2143, -0.0333]",0.002,0,10,0.002,0.008
A2,Full,cited_recall,False,82,10,-0.072,"[-0.0982, -0.0466]",0.0,"[-0.1024, -0.0419]",0.0,,,,
A2,Full,rubric,False,86,11,-0.0116,"[-0.0233, -0.0029]",0.029,"[-0.0211, -0.0028]",0.013,,,,
A3,Full,label_correct,False,86,11,0.0116,"[-0.0233, 0.0465]",0.807,"[-0.0319, 0.0779]",0.903,2,1,1.0,
A3,Full,root_cause_correct,False,86,11,0.0465,"[0.0, 0.1047]",0.127,"[-0.0222, 0.1429]",0.321,5,1,0.2188,
A3,Full,cited_recall,False,82,10,-0.0904,"[-0.1232, -0.0574]",0.0,"[-0.1422, -0.0409]",0.0,,,,
A3,Full,rubric,False,86,11,-0.0058,"[-0.0145, 0.0]",0.272,"[-0.0197, 0.0]",0.702,,,,
A4,Full,label_correct,False,86,11,-0.186,"[-0.2674, -0.1047]",0.0,"[-0.3933, 0.0]",0.06,0,16,0.0,
A4,Full,root_cause_correct,False,86,11,-0.1977,"[-0.314, -0.0814]",0.0,"[-0.4223, 0.0106]",0.073,5,22,0.0015,
A4,Full,cited_recall,False,82,10,-0.0661,"[-0.1087, -0.0249]",0.002,"[-0.1506, 0.0137]",0.113,,,,
A4,Full,rubric,False,86,11,-0.0465,"[-0.0698, -0.0262]",0.0,"[-0.0927, -0.0063]",0.015,,,,
A5,Full,label_correct,False,86,11,0.0116,"[0.0, 0.0349]",0.72,"[0.0, 0.0353]",0.702,1,0,1.0,
A5,Full,root_cause_correct,True,86,11,0.0698,"[0.0233, 0.1279]",0.002,"[0.0, 0.172]",0.188,6,0,0.0312,0.376
A5,Full,cited_recall,False,82,10,-0.0671,"[-0.091, -0.0439]",0.0,"[-0.1125, -0.0288]",0.001,,,,
A5,Full,rubric,False,86,11,0.0,"[0.0, 0.0]",1.0,"[0.0, 0.0]",1.0,,,,
Full-KB-fault-removed,Full,label_correct,False,86,11,0.0,"[0.0, 0.0]",1.0,"[0.0, 0.0]",1.0,0,0,1.0,
Full-KB-fault-removed,Full,root_cause_correct,False,86,11,0.0,"[0.0, 0.0]",1.0,"[0.0, 0.0]",1.0,0,0,1.0,
Full-KB-fault-removed,Full,cited_recall,False,82,10,0.0,"[0.0, 0.0]",1.0,"[0.0, 0.0]",1.0,,,,
Full-KB-fault-removed,Full,rubric,False,86,11,0.0,"[0.0, 0.0]",1.0,"[0.0, 0.0]",1.0,,,,
Full-KB-distractors,Full,label_correct,False,86,11,0.0,"[0.0, 0.0]",1.0,"[0.0, 0.0]",1.0,0,0,1.0,
Full-KB-distractors,Full,root_cause_correct,False,86,11,0.0,"[0.0, 0.0]",1.0,"[0.0, 0.0]",1.0,0,0,1.0,
Full-KB-distractors,Full,cited_recall,False,82,10,0.0,"[0.0, 0.0]",1.0,"[0.0, 0.0]",1.0,,,,
Full-KB-distractors,Full,rubric,False,86,11,0.0,"[0.0, 0.0]",1.0,"[0.0, 0.0]",1.0,,,,
Full-no-redaction,Full,label_correct,False,86,11,0.0,"[0.0, 0.0]",1.0,"[0.0, 0.0]",1.0,0,0,1.0,
Full-no-redaction,Full,root_cause_correct,False,86,11,0.0,"[0.0, 0.0]",1.0,"[0.0, 0.0]",1.0,0,0,1.0,
Full-no-redaction,Full,cited_recall,False,82,10,0.0,"[0.0, 0.0]",1.0,"[0.0, 0.0]",1.0,,,,
Full-no-redaction,Full,rubric,False,86,11,0.0,"[0.0, 0.0]",1.0,"[0.0, 0.0]",1.0,,,,
RQ6-K5,Full,label_correct,False,86,11,0.0233,"[0.0, 0.0581]",0.276,"[0.0, 0.0603]",0.219,2,0,0.5,
RQ6-K5,Full,root_cause_correct,False,86,11,0.0465,"[-0.0119, 0.1163]",0.208,"[-0.0227, 0.1529]",0.471,6,2,0.2891,
RQ6-K5,Full,cited_recall,False,82,10,-0.0383,"[-0.0577, -0.02]",0.0,"[-0.0779, -0.0056]",0.017,,,,
RQ6-K5,Full,rubric,False,86,11,-0.0029,"[-0.0087, 0.0]",0.721,"[-0.0099, 0.0]",0.702,,,,
RQ6-K10,Full,label_correct,False,86,11,0.0,"[0.0, 0.0]",1.0,"[0.0, 0.0]",1.0,0,0,1.0,
RQ6-K10,Full,root_cause_correct,False,86,11,0.0,"[0.0, 0.0]",1.0,"[0.0, 0.0]",1.0,0,0,1.0,
RQ6-K10,Full,cited_recall,False,82,10,0.0,"[0.0, 0.0]",1.0,"[0.0, 0.0]",1.0,,,,
RQ6-K10,Full,rubric,False,86,11,0.0,"[0.0, 0.0]",1.0,"[0.0, 0.0]",1.0,,,,
RQ6-K20,Full,label_correct,False,86,11,0.0116,"[0.0, 0.0349]",0.72,"[0.0, 0.0353]",0.702,1,0,1.0,
RQ6-K20,Full,root_cause_correct,False,86,11,-0.0233,"[-0.0581, 0.0]",0.272,"[-0.0706, 0.0]",0.702,0,2,0.5,
RQ6-K20,Full,cited_recall,False,82,10,-0.0049,"[-0.0192, 0.0094]",0.474,"[-0.0256, 0.017]",0.62,,,,
RQ6-K20,Full,rubric,False,86,11,0.0,"[0.0, 0.0]",1.0,"[0.0, 0.0]",1.0,,,,
RQ6-K40,Full,label_correct,False,86,11,0.0,"[-0.0349, 0.0349]",1.0,"[-0.0337, 0.0337]",1.0,1,1,1.0,
RQ6-K40,Full,root_cause_correct,False,86,11,-0.0581,"[-0.1047, -0.0116]",0.018,"[-0.1136, 0.0]",0.066,0,5,0.0625,
RQ6-K40,Full,cited_recall,False,82,10,-0.0151,"[-0.0356, 0.0051]",0.129,"[-0.0588, 0.0234]",0.533,,,,
RQ6-K40,Full,rubric,False,86,11,-0.0029,"[-0.0087, 0.0]",0.716,"[-0.0087, 0.0]",0.679,,,,
RQ6-W5,Full,label_correct,False,86,11,-0.1512,"[-0.2326, -0.0814]",0.0,"[-0.2903, -0.0357]",0.002,0,13,0.0002,
RQ6-W5,Full,root_cause_correct,False,86,11,-0.2093,"[-0.3023, -0.1279]",0.0,"[-0.3596, -0.0602]",0.002,0,18,0.0,
RQ6-W5,Full,cited_recall,False,82,10,-0.1125,"[-0.1455, -0.081]",0.0,"[-0.1721, -0.049]",0.0,,,,
RQ6-W5,Full,rubric,False,86,11,-0.032,"[-0.0494, -0.0145]",0.0,"[-0.069, 0.0]",0.06,,,,
RQ6-W15,Full,label_correct,False,86,11,0.0,"[0.0, 0.0]",1.0,"[0.0, 0.0]",1.0,0,0,1.0,
RQ6-W15,Full,root_cause_correct,False,86,11,-0.0116,"[-0.0349, 0.0]",0.725,"[-0.0353, 0.0]",0.702,0,1,1.0,
RQ6-W15,Full,cited_recall,False,82,10,0.0044,"[-0.0045, 0.0135]",0.353,"[-0.0034, 0.0145]",0.349,,,,
RQ6-W15,Full,rubric,False,86,11,0.0,"[0.0, 0.0]",1.0,"[0.0, 0.0]",1.0,,,,
RQ6-W30,Full,label_correct,False,86,11,0.0,"[0.0, 0.0]",1.0,"[0.0, 0.0]",1.0,0,0,1.0,
RQ6-W30,Full,root_cause_correct,False,86,11,0.0,"[0.0, 0.0]",1.0,"[0.0, 0.0]",1.0,0,0,1.0,
RQ6-W30,Full,cited_recall,False,82,10,0.0,"[0.0, 0.0]",1.0,"[0.0, 0.0]",1.0,,,,
RQ6-W30,Full,rubric,False,86,11,0.0,"[0.0, 0.0]",1.0,"[0.0, 0.0]",1.0,,,,
RQ6-W60,Full,label_correct,False,86,11,0.0,"[0.0, 0.0]",1.0,"[0.0, 0.0]",1.0,0,0,1.0,
RQ6-W60,Full,root_cause_correct,False,86,11,0.0,"[0.0, 0.0]",1.0,"[0.0, 0.0]",1.0,0,0,1.0,
RQ6-W60,Full,cited_recall,False,82,10,0.002,"[0.0, 0.0061]",0.713,"[0.0, 0.0063]",0.699,,,,
RQ6-W60,Full,rubric,False,86,11,0.0,"[0.0, 0.0]",1.0,"[0.0, 0.0]",1.0,,,,
RQ6-Emetrics,Full,label_correct,False,86,11,-0.6279,"[-0.7326, -0.5233]",0.0,"[-0.8621, -0.3779]",0.0,0,54,0.0,
RQ6-Emetrics,Full,root_cause_correct,False,86,11,-0.7093,"[-0.8023, -0.6163]",0.0,"[-0.8696, -0.5333]",0.0,0,61,0.0,
RQ6-Emetrics,Full,cited_recall,False,82,10,-0.2996,"[-0.3397, -0.2587]",0.0,"[-0.3918, -0.2102]",0.0,,,,
RQ6-Emetrics,Full,rubric,False,86,11,-0.3227,"[-0.3895, -0.2587]",0.0,"[-0.4813, -0.1687]",0.0,,,,
RQ6-E+cloudtrail,Full,label_correct,False,86,11,-0.314,"[-0.4186, -0.2209]",0.0,"[-0.5244, -0.1445]",0.0,0,27,0.0,
RQ6-E+cloudtrail,Full,root_cause_correct,False,86,11,-0.314,"[-0.4302, -0.2093]",0.0,"[-0.506, -0.1447]",0.0,2,29,0.0,
RQ6-E+cloudtrail,Full,cited_recall,False,82,10,-0.2344,"[-0.2756, -0.1935]",0.0,"[-0.3316, -0.149]",0.0,,,,
RQ6-E+cloudtrail,Full,rubric,False,86,11,-0.1686,"[-0.2297, -0.1105]",0.0,"[-0.3049, -0.0595]",0.0,,,,
RQ6-E+logs,Full,label_correct,False,86,11,0.0,"[0.0, 0.0]",1.0,"[0.0, 0.0]",1.0,0,0,1.0,
RQ6-E+logs,Full,root_cause_correct,False,86,11,0.0,"[0.0, 0.0]",1.0,"[0.0, 0.0]",1.0,0,0,1.0,
RQ6-E+logs,Full,cited_recall,False,82,10,-0.0116,"[-0.0192, -0.0049]",0.0,"[-0.0282, 0.0]",0.051,,,,
RQ6-E+logs,Full,rubric,False,86,11,0.0,"[0.0, 0.0]",1.0,"[0.0, 0.0]",1.0,,,,
RQ6-E+config,Full,label_correct,False,86,11,0.0,"[0.0, 0.0]",1.0,"[0.0, 0.0]",1.0,0,0,1.0,
RQ6-E+config,Full,root_cause_correct,False,86,11,0.0,"[0.0, 0.0]",1.0,"[0.0, 0.0]",1.0,0,0,1.0,
RQ6-E+config,Full,cited_recall,False,82,10,0.0,"[0.0, 0.0]",1.0,"[0.0, 0.0]",1.0,,,,
RQ6-E+config,Full,rubric,False,86,11,0.0,"[0.0, 0.0]",1.0,"[0.0, 0.0]",1.0,,,,
