incident_id,reference_root_cause,reference_resolution,diagnosis_root_cause,recommendations,rubric_auto,human_score_0_4,notes
inc-2813497271,"lambda/function/worker-6433 reserved concurrency was lowered, so it is throttled and cannot drain sqs/queue/jobs-6433; messages accumulate.",Restore reserved concurrency on lambda/function/worker-6433; alarm on queue age.,"Queue backlog on lambda/function/worker-6433, indicated by 3 cited signal(s).",Restore consumer concurrency and drain the backlog. | Confirm the cited signals on lambda/function/worker-6433.,1.0,,
inc-32876eb150,rds/db-121f read/write latency increased after its storage throughput was reduced; queries from ec2/instance/i-aa6133eab6f10c24 slow down.,Restore provisioned storage throughput on rds/db-121f; alarm on Read/WriteLatency.,"Db latency increase on rds/db-121f, indicated by 3 cited signal(s).",Restore database storage performance and review slow queries. | Confirm the cited signals on rds/db-121f.,1.0,,
inc-3e84f93252,ecs/service/web-7e9b CPU is saturated by a traffic increase; requests queue up and response times rise.,Scale out ecs/service/web-7e9b (more tasks/instances) and set CPU-based autoscaling.,"Cpu saturation on ecs/service/web-7e9b, indicated by 3 cited signal(s).",Scale out the service and investigate the CPU-heavy workload. | Confirm the cited signals on ecs/service/web-7e9b.,1.0,,
inc-447d8a1ca1,lambda/function/api-3990 invocations exceed the configured function timeout (3 s) and are terminated before completing.,Restore the function timeout on lambda/function/api-3990 to 30 s and alarm on Duration vs timeout.,"Function timeout on lambda/function/api-3990, indicated by 3 cited signal(s).",Restore the function timeout and check downstream latency. | Confirm the cited signals on lambda/function/api-3990.,1.0,,
inc-78d6b21417,"The available telemetry does not contain enough evidence to determine the root cause; additional logs, CloudTrail and dependency metrics are required.","Collect application logs, CloudTrail and downstream metrics, then re-diagnose.",The context does not contain enough evidence for a root cause.,"Collect application logs, CloudTrail and dependency metrics, then re-diagnose.",0.5,,
inc-89f82c78c7,rds/db-ecbe read/write latency increased after its storage throughput was reduced; queries from lambda/function/api-ecbe slow down.,Restore provisioned storage throughput on rds/db-ecbe; alarm on Read/WriteLatency.,"Db latency increase on rds/db-ecbe, indicated by 3 cited signal(s).",Restore database storage performance and review slow queries. | Confirm the cited signals on rds/db-ecbe.,1.0,,
inc-b8ac88c85e,"rds/db-e4f0 reached its max_connections limit; new connections from lambda/function/api-e4f0 were refused, causing request failures.",Add connection pooling (RDS Proxy / pool limits) on lambda/function/api-e4f0; tune max_connections.,"Connection exhaustion on rds/db-e4f0, indicated by 3 cited signal(s).","Reduce connection demand (pooling, max connections) and scale back. | Confirm the cited signals on rds/db-e4f0.",1.0,,
inc-d1d65e05b6,rds/db-6a6c read/write latency increased after its storage throughput was reduced; queries from ec2/instance/i-e57b2fca86877042 slow down.,Restore provisioned storage throughput on rds/db-6a6c; alarm on Read/WriteLatency.,"Db latency increase on rds/db-6a6c, indicated by 3 cited signal(s).",Restore database storage performance and review slow queries. | Confirm the cited signals on rds/db-6a6c.,1.0,,
inc-d3f8dd8f33,"The available telemetry does not contain enough evidence to determine the root cause; additional logs, CloudTrail and dependency metrics are required.","Collect application logs, CloudTrail and downstream metrics, then re-diagnose.","Lb error spike on alb/app-lb-2479, indicated by 2 cited signal(s).",Restore the listener / target configuration of the load balancer. | Confirm the cited signals on alb/app-lb-2479.,0.75,,
