condition,case_type,n,label_correct,root_cause_correct,cited_recall,valid
B1,clean,70,0.7286,0.7286,0.2652,1.0
B1,red-herring,8,0.75,0.625,0.301,1.0
B1,compound,4,0.25,0.25,0.1456,1.0
B1,insufficient-evidence,4,0.25,0.25,,1.0
B2,clean,70,0.0,0.0,0.0,1.0
B2,red-herring,8,0.0,0.0,0.0,1.0
B2,compound,4,0.0,0.0,0.0,1.0
B2,insufficient-evidence,4,1.0,1.0,,1.0
B3,clean,70,0.1286,0.1143,0.0077,1.0
B3,red-herring,8,0.375,0.375,0.025,1.0
B3,compound,4,0.0,0.0,0.0,1.0
B3,insufficient-evidence,4,1.0,1.0,,1.0
B4,clean,70,0.9714,0.8143,0.304,1.0
B4,red-herring,8,1.0,0.75,0.3229,1.0
B4,compound,4,0.5,0.5,0.1758,1.0
B4,insufficient-evidence,4,0.5,0.5,,1.0
Full,clean,70,1.0,0.9429,0.3836,1.0
Full,red-herring,8,1.0,0.75,0.3479,1.0
Full,compound,4,0.75,0.75,0.2092,1.0
Full,insufficient-evidence,4,0.5,0.5,,1.0
A1,clean,70,1.0,0.9429,0.3836,1.0
A1,red-herring,8,1.0,0.75,0.3479,1.0
A1,compound,4,0.75,0.75,0.2092,1.0
A1,insufficient-evidence,4,0.5,0.5,,1.0
A2,clean,70,0.9714,0.8143,0.304,1.0
A2,red-herring,8,1.0,0.75,0.3229,1.0
A2,compound,4,0.5,0.5,0.1758,1.0
A2,insufficient-evidence,4,0.5,0.5,,1.0
A3,clean,70,1.0,0.9714,0.299,1.0
A3,red-herring,8,1.0,0.875,0.1865,1.0
A3,compound,4,0.5,0.5,0.1602,1.0
A3,insufficient-evidence,4,1.0,1.0,,1.0
A4,clean,70,0.8,0.7286,0.3117,1.0
A4,red-herring,8,0.875,0.75,0.3323,1.0
A4,compound,4,0.5,0.25,0.1445,1.0
A4,insufficient-evidence,4,0.5,0.5,,1.0
A5,clean,70,1.0,1.0,0.3139,1.0
A5,red-herring,8,1.0,0.875,0.2906,1.0
A5,compound,4,1.0,1.0,0.1698,1.0
A5,insufficient-evidence,4,0.5,0.5,,1.0
Full-KB-fault-removed,clean,70,1.0,0.9429,0.3836,1.0
Full-KB-fault-removed,red-herring,8,1.0,0.75,0.3479,1.0
Full-KB-fault-removed,compound,4,0.75,0.75,0.2092,1.0
Full-KB-fault-removed,insufficient-evidence,4,0.5,0.5,,1.0
Full-KB-distractors,clean,70,1.0,0.9429,0.3836,1.0
Full-KB-distractors,red-herring,8,1.0,0.75,0.3479,1.0
Full-KB-distractors,compound,4,0.75,0.75,0.2092,1.0
Full-KB-distractors,insufficient-evidence,4,0.5,0.5,,1.0
Full-no-redaction,clean,70,1.0,0.9429,0.3836,1.0
Full-no-redaction,red-herring,8,1.0,0.75,0.3479,1.0
Full-no-redaction,compound,4,0.75,0.75,0.2092,1.0
Full-no-redaction,insufficient-evidence,4,0.5,0.5,,1.0
RQ6-K5,clean,70,1.0,0.9571,0.3499,1.0
RQ6-K5,red-herring,8,1.0,0.875,0.2698,1.0
RQ6-K5,compound,4,1.0,1.0,0.1698,1.0
RQ6-K5,insufficient-evidence,4,0.75,0.75,,1.0
RQ6-K10,clean,70,1.0,0.9429,0.3836,1.0
RQ6-K10,red-herring,8,1.0,0.75,0.3479,1.0
RQ6-K10,compound,4,0.75,0.75,0.2092,1.0
RQ6-K10,insufficient-evidence,4,0.5,0.5,,1.0
RQ6-K20,clean,70,1.0,0.9143,0.382,1.0
RQ6-K20,red-herring,8,1.0,0.75,0.3229,1.0
RQ6-K20,compound,4,1.0,0.75,0.1864,1.0
RQ6-K20,insufficient-evidence,4,0.5,0.5,,1.0
RQ6-K40,clean,70,1.0,0.8857,0.3752,1.0
RQ6-K40,red-herring,8,1.0,0.75,0.3104,1.0
RQ6-K40,compound,4,0.75,0.5,0.1217,1.0
RQ6-K40,insufficient-evidence,4,0.5,0.5,,1.0
RQ6-W5,clean,70,0.8571,0.7286,0.2657,1.0
RQ6-W5,red-herring,8,1.0,0.75,0.2437,1.0
RQ6-W5,compound,4,0.0,0.0,0.1758,1.0
RQ6-W5,insufficient-evidence,4,0.5,0.5,,1.0
RQ6-W15,clean,70,1.0,0.9286,0.3881,1.0
RQ6-W15,red-herring,8,1.0,0.75,0.3531,1.0
RQ6-W15,compound,4,0.75,0.75,0.2092,1.0
RQ6-W15,insufficient-evidence,4,0.5,0.5,,1.0
RQ6-W30,clean,70,1.0,0.9429,0.3836,1.0
RQ6-W30,red-herring,8,1.0,0.75,0.3479,1.0
RQ6-W30,compound,4,0.75,0.75,0.2092,1.0
RQ6-W30,insufficient-evidence,4,0.5,0.5,,1.0
RQ6-W60,clean,70,1.0,0.9429,0.386,1.0
RQ6-W60,red-herring,8,1.0,0.75,0.3479,1.0
RQ6-W60,compound,4,0.75,0.75,0.2092,1.0
RQ6-W60,insufficient-evidence,4,0.5,0.5,,1.0
RQ6-Emetrics,clean,70,0.3286,0.1714,0.0726,1.0
RQ6-Emetrics,red-herring,8,0.375,0.25,0.0802,1.0
RQ6-Emetrics,compound,4,0.25,0.0,0.0461,1.0
RQ6-Emetrics,insufficient-evidence,4,0.5,0.5,,1.0
RQ6-E+cloudtrail,clean,70,0.6857,0.6,0.1448,1.0
RQ6-E+cloudtrail,red-herring,8,0.5,0.5,0.1083,1.0
RQ6-E+cloudtrail,compound,4,0.5,0.5,0.0617,1.0
RQ6-E+cloudtrail,insufficient-evidence,4,0.5,0.5,,1.0
RQ6-E+logs,clean,70,1.0,0.9429,0.3741,1.0
RQ6-E+logs,red-herring,8,1.0,0.75,0.3198,1.0
RQ6-E+logs,compound,4,0.75,0.75,0.1945,1.0
RQ6-E+logs,insufficient-evidence,4,0.5,0.5,,1.0
RQ6-E+config,clean,70,1.0,0.9429,0.3836,1.0
RQ6-E+config,red-herring,8,1.0,0.75,0.3479,1.0
RQ6-E+config,compound,4,0.75,0.75,0.2092,1.0
RQ6-E+config,insufficient-evidence,4,0.5,0.5,,1.0
